sensor,x,y
1,2.1710424423,-59.9548950195
2,2.1836996078,-60.9639701843
3,2.1938147545,-61.9741401672
4,2.2016136646,-62.9853172302
5,2.2073402405,-63.9974365234
6,2.2112381458,-65.0104064941
7,2.2135510445,-66.0241622925
8,2.2145228386,-67.0386199951
9,2.2143969536,-68.0537033081
10,2.2134170532,-69.0693359375
11,2.2118270397,-70.0854263306
12,2.2098703384,-71.1019134521
13,2.2077906132,-72.1187133789
14,2.2058317661,-73.1357345581
15,2.2042372227,-74.1529159546
16,2.2032506466,-75.1701736450
17,2.2031161785,-76.1874313354
18,2.2040767670,-77.2046051025
19,2.2063767910,-78.2216262817
20,2.2102594376,-79.2384033203
21,2.2159686089,-80.2548675537
22,2.2237479687,-81.2709426880
23,2.2338411808,-82.2865371704
24,2.2464919090,-83.3015823364
25,2.2619435787,-84.3160095215
26,2.2804403305,-85.3297119141
27,2.3022253513,-86.3426361084
28,2.3275427818,-87.3546981812
29,2.3566358089,-88.3658218384
30,2.3897488117,-89.3759155273
31,2.4271245003,-90.3849105835
32,2.4690070152,-91.3927307129
33,2.5156404972,-92.3992919922
34,2.5672678947,-93.4045181274
35,2.6241331100,-94.4083328247
36,2.6864800453,-95.4106597900
37,2.7545518875,-96.4114151001
38,2.8285925388,-97.4105148315
39,2.9088459015,-98.4078979492
40,2.9955554008,-99.4034729004
41,3.0889644623,-100.3971557617
42,3.1893172264,-101.3888854980
43,3.2968568802,-102.3785781860
44,3.4118273258,-103.3661422729
45,3.5344722271,-104.3515167236
46,3.6650352478,-105.3346176147
47,3.8037598133,-106.3153610229
48,3.9508898258,-107.2936706543
49,4.1066689491,-108.2694778442
50,4.2713403702,-109.2426910400
51,4.4451479912,-110.2132415771
52,4.6283359528,-111.1810455322
53,4.8211474419,-112.1460342407
54,5.0238265991,-113.1081085205
55,5.2366170883,-114.0672225952
56,5.4597640038,-115.0232620239
57,5.6935110092,-115.9761810303
58,5.9381022453,-116.9258804321
59,6.1937823296,-117.8722915649
60,6.4607963562,-118.8153228760
61,6.7393517494,-119.7549362183
62,7.0292987823,-120.6911621094
63,7.3302779198,-121.6241455078
64,7.6419291496,-122.5540084839
65,7.9638905525,-123.4808883667
66,8.2958011627,-124.4049224854
67,8.6373014450,-125.3262329102
68,8.9880266190,-126.2449493408
69,9.3476200104,-127.1612091064
70,9.7157163620,-128.0751342773
71,10.0919580460,-128.9868621826
72,10.4759817123,-129.8965301514
73,10.8674268723,-130.8042449951
74,11.2659320831,-131.7101745605
75,11.6711359024,-132.6144256592
76,12.0826797485,-133.5171203613
77,12.5001983643,-134.4184112549
78,12.9233341217,-135.3184204102
79,13.3517246246,-136.2172851562
80,13.7850074768,-137.1151275635
81,14.2228231430,-138.0120697021
82,14.6648092270,-138.9082641602
83,15.1106052399,-139.8038177490
84,15.5598497391,-140.6988830566
85,16.0121822357,-141.5935668945
86,16.4672412872,-142.4880371094
87,16.9246635437,-143.3823852539
88,17.3840904236,-144.2767791748
89,17.8451595306,-145.1713104248
90,18.3075122833,-146.0661468506
91,18.7707843781,-146.9613952637
92,19.2346134186,-147.8571777344
93,19.6986427307,-148.7536468506
94,20.1625080109,-149.6509399414
95,20.6258487701,-150.5491638184
96,21.0883045197,-151.4484710693
97,21.5495128632,-152.3489685059
98,22.0091114044,-153.2508087158
99,22.4667434692,-154.1541137695
100,22.9220428467,-155.0590057373
101,23.3746528625,-155.9656372070
102,23.8242092133,-156.8741302490
103,24.2703533173,-157.7845916748
104,24.7127189636,-158.6971893311
105,25.1509513855,-159.6120300293
106,25.5846843719,-160.5292510986
107,26.0135612488,-161.4489898682
108,26.4372158051,-162.3713684082
109,26.8552875519,-163.2965240479
110,27.2674179077,-164.2245788574
111,27.6732425690,-165.1556854248
112,28.0724010468,-166.0899505615
113,28.4645347595,-167.0275115967
114,28.8495426178,-167.9683837891
115,29.2277469635,-168.9123992920
116,29.5994968414,-169.8593750000
117,29.9651508331,-170.8091125488
118,30.3250598907,-171.7614135742
119,30.6795787811,-172.7160949707
120,31.0290603638,-173.6729888916
121,31.3738632202,-174.6318817139
122,31.7143383026,-175.5925903320
123,32.0508384705,-176.5549316406
124,32.3837203979,-177.5187225342
125,32.7133407593,-178.4837799072
126,33.0400466919,-179.4499053955
127,33.3642005920,-180.4169006348
128,33.6861457825,-181.3845825195
129,34.0062484741,-182.3527679443
130,34.3248558044,-183.3212738037
131,34.6423187256,-184.2899169922
132,34.9590034485,-185.2584686279
133,35.2752532959,-186.2267913818
134,35.5914306641,-187.1946716309
135,35.9078788757,-188.1619262695
136,36.2249603271,-189.1283569336
137,36.5430259705,-190.0937957764
138,36.8624343872,-191.0580291748
139,37.1835327148,-192.0209045410
140,37.5066795349,-192.9821777344
141,37.8322296143,-193.9417266846
142,38.1605377197,-194.8993072510
143,38.4919586182,-195.8547515869
144,38.8268394470,-196.8079071045
145,39.1655387878,-197.7585144043
146,39.5084114075,-198.7064514160
147,39.8558158875,-199.6514892578
148,40.2080955505,-200.5934448242
149,40.5656127930,-201.5321502686
150,40.9287223816,-202.4673919678
151,41.2977714539,-203.3990173340
152,41.6731224060,-204.3268127441
153,42.0551261902,-205.2505798340
154,42.4441337585,-206.1701507568
155,42.8405036926,-207.0853271484
156,43.2445907593,-207.9959106445
157,43.6567459106,-208.9017639160
158,44.0773277283,-209.8026275635
159,44.5066833496,-210.6983642578
160,44.9451789856,-211.5887603760
161,45.3931579590,-212.4736480713
162,45.8509864807,-213.3528137207
163,46.3190116882,-214.2260894775
164,46.7975845337,-215.0933074951
165,47.2870750427,-215.9542236328
166,47.7878265381,-216.8086853027
167,48.3001937866,-217.6564941406
168,48.8245353699,-218.4974670410
169,49.3612098694,-219.3314208984
170,49.9105682373,-220.1581573486
171,50.4729576111,-220.9774932861
172,51.0487518311,-221.7892456055
173,51.6382865906,-222.5932159424
174,52.2419281006,-223.3892211914
175,52.8600311279,-224.1770782471
176,53.4929466248,-224.9565582275
177,54.1410293579,-225.7275390625
178,54.8046379089,-226.4897918701
179,55.4841232300,-227.2431182861
180,56.1795616150,-227.9875183105
181,56.8892021179,-228.7238159180
182,57.6106109619,-229.4532470703
183,58.3413391113,-230.1770172119
184,59.0789489746,-230.8963623047
185,59.8209915161,-231.6125030518
186,60.5650215149,-232.3266448975
187,61.3086013794,-233.0400238037
188,62.0492782593,-233.7538604736
189,62.7846183777,-234.4693450928
190,63.5121688843,-235.1877136230
191,64.2294921875,-235.9101867676
192,64.9341430664,-236.6379852295
193,65.6236724854,-237.3723449707
194,66.2956466675,-238.1144561768
195,66.9476165771,-238.8655395508
196,67.5771484375,-239.6268310547
197,68.1817779541,-240.3995513916
198,68.7590789795,-241.1849060059
199,69.3066101074,-241.9841461182
200,69.8219299316,-242.7984313965
201,70.3025741577,-243.6290435791
202,70.7461318970,-244.4771728516
203,71.1504898071,-245.3438873291
204,71.5164031982,-246.2288513184
205,71.8460540771,-247.1310577393
206,72.1416091919,-248.0494842529
207,72.4052352905,-248.9831085205
208,72.6391143799,-249.9309387207
209,72.8454208374,-250.8919219971
210,73.0263290405,-251.8650360107
211,73.1840133667,-252.8493041992
212,73.3206405640,-253.8436889648
213,73.4383926392,-254.8471527100
214,73.5394287109,-255.8586883545
215,73.6259307861,-256.8772888184
216,73.7000808716,-257.9018859863
217,73.7640380859,-258.9315490723
218,73.8199844360,-259.9651794434
219,73.8700866699,-261.0017395020
220,73.9165191650,-262.0403137207
221,73.9614639282,-263.0798034668
222,74.0070800781,-264.1191711426
223,74.0555419922,-265.1574707031
224,74.1090469360,-266.1936035156
225,74.1694259644,-267.2267456055
226,74.2367477417,-268.2566833496
227,74.3103713989,-269.2835083008
228,74.3896408081,-270.3073120117
229,74.4739456177,-271.3282165527
230,74.5626373291,-272.3462829590
231,74.6550674438,-273.3616638184
232,74.7506103516,-274.3743896484
233,74.8486328125,-275.3846130371
234,74.9484939575,-276.3923950195
235,75.0495452881,-277.3978271484
236,75.1511688232,-278.4010314941
237,75.2527160645,-279.4020690918
238,75.3535461426,-280.4010620117
239,75.4530334473,-281.3980712891
240,75.5505371094,-282.3932495117
241,75.6454162598,-283.3866577148
242,75.7370452881,-284.3784179688
243,75.8247680664,-285.3685607910
244,75.9079589844,-286.3572082520
245,75.9859771729,-287.3445129395
246,76.0581893921,-288.3305358887
247,76.1239471436,-289.3153381348
248,76.1826324463,-290.2990417480
249,76.2335968018,-291.2817077637
250,76.2761993408,-292.2635192871
251,76.3098144531,-293.2444763184
252,76.3337936401,-294.2247314453
253,76.3475036621,-295.2043762207
254,76.3503112793,-296.1834411621
255,76.3415679932,-297.1621093750
256,76.3206558228,-298.1404113770
257,76.2869262695,-299.1184387207
258,76.2402343750,-300.0963439941
259,76.1812133789,-301.0740966797
260,76.1105651855,-302.0517883301
261,76.0289993286,-303.0295715332
262,75.9371948242,-304.0073852539
263,75.8358917236,-304.9853210449
264,75.7257690430,-305.9635009766
265,75.6075363159,-306.9419555664
266,75.4819030762,-307.9207763672
267,75.3495788574,-308.8999633789
268,75.2112731934,-309.8796386719
269,75.0676727295,-310.8598632812
270,74.9195022583,-311.8406677246
271,74.7674560547,-312.8221435547
272,74.6122360229,-313.8043823242
273,74.4545593262,-314.7873840332
274,74.2951126099,-315.7712707520
275,74.1346359253,-316.7560729980
276,73.9737930298,-317.7419128418
277,73.8133163452,-318.7287902832
278,73.6539077759,-319.7167663574
279,73.4962539673,-320.7059936523
280,73.3410797119,-321.6964416504
281,73.1890945435,-322.6882324219
282,73.0409851074,-323.6814270020
283,72.8974685669,-324.6760559082
284,72.7592468262,-325.6722106934
285,72.6270294189,-326.6699829102
286,72.5015106201,-327.6694030762
287,72.3834152222,-328.6705017090
288,72.2734222412,-329.6734313965
289,72.1722640991,-330.6781616211
290,72.0806350708,-331.6848449707
291,71.9992370605,-332.6935119629
292,71.9287796021,-333.7041931152
293,71.8699722290,-334.7169799805
294,71.8235168457,-335.7319335938
295,71.7901229858,-336.7491455078
296,71.7704849243,-337.7686462402
297,71.7653198242,-338.7904968262
298,71.7753372192,-339.8147277832
299,71.8012237549,-340.8414916992
300,71.8437118530,-341.8707885742
301,71.9034805298,-342.9027099609
302,71.9809951782,-343.9372253418
303,72.0741729736,-344.9738769531
304,72.1794891357,-346.0119323730
305,72.2933883667,-347.0507507324
306,72.4123458862,-348.0895690918
307,72.5328216553,-349.1277465820
308,72.6512603760,-350.1645202637
309,72.7641296387,-351.1992187500
310,72.8679046631,-352.2311096191
311,72.9590225220,-353.2595520020
312,73.0339584351,-354.2838439941
313,73.0891723633,-355.3032226562
314,73.1211166382,-356.3170776367
315,73.1262512207,-357.3246765137
316,73.1010360718,-358.3253479004
317,73.0419082642,-359.3183898926
318,72.9453125000,-360.3031311035
319,72.8076934814,-361.2788696289
320,72.6255111694,-362.2449645996
321,72.3951873779,-363.2006530762
322,72.1131439209,-364.1453247070
323,71.7758407593,-365.0782775879
324,71.3796920776,-365.9987487793
325,70.9211196899,-366.9060668945
326,70.3989334106,-367.7996520996
327,69.8257522583,-368.6800842285
328,69.2192535400,-369.5486450195
329,68.5970993042,-370.4064025879
330,67.9769439697,-371.2546386719
331,67.3764801025,-372.0944824219
332,66.8133621216,-372.9270629883
333,66.3052749634,-373.7534484863
334,65.8698348999,-374.5746765137
335,65.5246047974,-375.3917236328
336,65.2860336304,-376.2055358887
337,65.1580657959,-377.0165405273
338,65.1362380981,-377.8239135742
339,65.2159881592,-378.6268310547
340,65.3928604126,-379.4244995117
341,65.6624298096,-380.2160644531
342,66.0203094482,-381.0005187988
343,66.4620971680,-381.7769470215
344,66.9833831787,-382.5442810059
345,67.5797500610,-383.3014831543
346,68.2467193604,-384.0474853516
347,68.9798507690,-384.7812500000
348,69.7746505737,-385.5016784668
349,70.6266326904,-386.2077941895
350,71.5313110352,-386.8984069824
351,72.4841995239,-387.5726013184
352,73.4807815552,-388.2292480469
353,74.5165634155,-388.8673095703
354,75.5870590210,-389.4857482910
355,76.6877441406,-390.0834960938
356,77.8141326904,-390.6595458984
357,78.9617233276,-391.2128601074
358,80.1259994507,-391.7423706055
359,81.3024826050,-392.2470397949
360,82.4866485596,-392.7258911133
361,83.6740112305,-393.1777954102
362,84.8600540161,-393.6017761230
363,86.0402679443,-393.9967651367
364,87.2107925415,-394.3619689941
365,88.3708572388,-394.6976318359
366,89.5206604004,-395.0042114258
367,90.6603927612,-395.2822570801
368,91.7902603149,-395.5323486328
369,92.9104537964,-395.7550048828
370,94.0211868286,-395.9507446289
371,95.1226348877,-396.1200866699
372,96.2150115967,-396.2635498047
373,97.2985153198,-396.3817443848
374,98.3733367920,-396.4750976562
375,99.4396820068,-396.5441894531
376,100.4977340698,-396.5895080566
377,101.5476913452,-396.6116333008
378,102.5897598267,-396.6110839844
379,103.6241226196,-396.5883178711
380,104.6509857178,-396.5439453125
381,105.6705169678,-396.4784240723
382,106.6829376221,-396.3923339844
383,107.6884078979,-396.2861938477
384,108.6871490479,-396.1604919434
385,109.6793365479,-396.0157470703
386,110.6651535034,-395.8525390625
387,111.6447982788,-395.6713562012
388,112.6184387207,-395.4727172852
389,113.5862808228,-395.2571716309
390,114.5485076904,-395.0252685547
391,115.5052947998,-394.7774658203
392,116.4568328857,-394.5143432617
393,117.4033050537,-394.2364196777
394,118.3448944092,-393.9441833496
395,119.2817840576,-393.6381835938
396,120.2141647339,-393.3190002441
397,121.1421966553,-392.9870605469
398,122.0660934448,-392.6429748535
399,122.9860153198,-392.2872619629
400,123.9021453857,-391.9204101562
401,124.8146743774,-391.5429992676
402,125.7237777710,-391.1554870605
403,126.6296386719,-390.7584838867
404,127.5324478149,-390.3524780273
405,128.4323577881,-389.9379882812
406,129.3296051025,-389.5155944824
407,130.2243347168,-389.0857543945
408,131.1166992188,-388.6490478516
409,132.0069274902,-388.2060241699
410,132.8952178955,-387.7571716309
411,133.7816925049,-387.3030395508
412,134.6665649414,-386.8441162109
413,135.5500488281,-386.3810119629
414,136.4322662354,-385.9141845703
415,137.3134460449,-385.4441833496
416,138.1937103271,-384.9714660645
417,139.0730743408,-384.4961242676
418,139.9514923096,-384.0180664062
419,140.8289184570,-383.5373535156
420,141.7052917480,-383.0539245605
421,142.5805969238,-382.5677795410
422,143.4547729492,-382.0788574219
423,144.3278045654,-381.5871887207
424,145.1996002197,-381.0927429199
425,146.0701751709,-380.5954895020
426,146.9394226074,-380.0954284668
427,147.8073577881,-379.5925292969
428,148.6739196777,-379.0867614746
429,149.5390472412,-378.5781250000
430,150.4027252197,-378.0665893555
431,151.2648925781,-377.5521850586
432,152.1255187988,-377.0348205566
433,152.9845428467,-376.5144958496
434,153.8419342041,-375.9912109375
435,154.6976623535,-375.4649963379
436,155.5516510010,-374.9357299805
437,156.4039001465,-374.4034423828
438,157.2543334961,-373.8681335449
439,158.1029357910,-373.3297729492
440,158.9496459961,-372.7883605957
441,159.7944183350,-372.2438354492
442,160.6372375488,-371.6961669922
443,161.4780273438,-371.1454162598
444,162.3167572021,-370.5915222168
445,163.1533966064,-370.0344543457
446,163.9878997803,-369.4741821289
447,164.8202362061,-368.9107055664
448,165.6503295898,-368.3440551758
449,166.4781494141,-367.7741394043
450,167.3036804199,-367.2009582520
451,168.1268463135,-366.6245422363
452,168.9476165771,-366.0447998047
453,169.7659606934,-365.4617309570
454,170.5818328857,-364.8753662109
455,171.3951721191,-364.2856140137
456,172.2059631348,-363.6925354004
457,173.0141601562,-363.0960388184
458,173.8197021484,-362.4961547852
459,174.6225585938,-361.8928527832
460,175.4226989746,-361.2861022949
461,176.2200622559,-360.6758728027
462,177.0146179199,-360.0621948242
463,177.8063201904,-359.4450073242
464,178.5951538086,-358.8243103027
465,179.3810119629,-358.2000427246
466,180.1639251709,-357.5722656250
467,180.9438171387,-356.9408874512
468,181.7206420898,-356.3059387207
469,182.4943695068,-355.6673889160
470,183.2649688721,-355.0251770020
471,184.0323791504,-354.3793029785
472,184.7965545654,-353.7297973633
473,185.5574645996,-353.0765686035
474,186.3150634766,-352.4196166992
475,187.0693054199,-351.7589111328
476,187.8201293945,-351.0944824219
477,188.5675201416,-350.4262695312
478,189.3114318848,-349.7542114258
479,190.0517883301,-349.0783691406
480,190.7885742188,-348.3986511230
481,191.5217437744,-347.7150573730
482,192.2512512207,-347.0275573730
483,192.9770355225,-346.3361511230
484,193.6990814209,-345.6408081055
485,194.4173126221,-344.9415283203
486,195.1317138672,-344.2382202148
487,195.8423156738,-343.5310363770
488,196.5494689941,-342.8202514648
489,197.2535400391,-342.1064147949
490,197.9549560547,-341.3898925781
491,198.6540985107,-340.6711425781
492,199.3513946533,-339.9506225586
493,200.0471954346,-339.2287292480
494,200.7419433594,-338.5059509277
495,201.4360046387,-337.7826538086
496,202.1297760010,-337.0593566895
497,202.8236846924,-336.3364868164
498,203.5180816650,-335.6144409180
499,204.2134246826,-334.8936767578
500,204.9100494385,-334.1746826172
501,205.6083984375,-333.4578247070
502,206.3088531494,-332.7435607910
503,207.0118103027,-332.0323791504
504,207.7176666260,-331.3246765137
505,208.4268035889,-330.6208801270
506,209.1396636963,-329.9214477539
507,209.8566131592,-329.2268371582
508,210.5780334473,-328.5374755859
509,211.3043670654,-327.8538208008
510,212.0359649658,-327.1762695312
511,212.7732543945,-326.5052490234
512,213.5166168213,-325.8412475586
513,214.2664489746,-325.1846923828
514,215.0231628418,-324.5360412598
515,215.7868499756,-323.8953247070
516,216.5572662354,-323.2623291016
517,217.3340911865,-322.6366882324
518,218.1170654297,-322.0181274414
519,218.9059295654,-321.4062805176
520,219.7003326416,-320.8008117676
521,220.5000610352,-320.2014465332
522,221.3047943115,-319.6078796387
523,222.1142425537,-319.0197143555
524,222.9281463623,-318.4367065430
525,223.7462005615,-317.8584594727
526,224.5681457520,-317.2847290039
527,225.3936767578,-316.7151794434
528,226.2225189209,-316.1494750977
529,227.0543823242,-315.5872802734
530,227.8889770508,-315.0283203125
531,228.7260284424,-314.4722290039
532,229.5652770996,-313.9187316895
533,230.4064025879,-313.3674621582
534,231.2491607666,-312.8181152344
535,232.0932159424,-312.2704162598
536,232.9383087158,-311.7239990234
537,233.7841644287,-311.1785583496
538,234.6305084229,-310.6337890625
539,235.4770202637,-310.0893554688
540,236.3234405518,-309.5449218750
541,237.1694793701,-309.0002136230
542,238.0148620605,-308.4548645020
543,238.8592987061,-307.9085998535
544,239.7024993896,-307.3610534668
545,240.5441741943,-306.8119506836
546,241.3840637207,-306.2609558105
547,242.2218627930,-305.7077636719
548,243.0573120117,-305.1520080566
549,243.8900756836,-304.5934448242
550,244.7199249268,-304.0316772461
551,245.5465545654,-303.4664306641
552,246.3696594238,-302.8973693848
553,247.1889953613,-302.3241882324
554,248.0042419434,-301.7465820312
555,248.8151397705,-301.1641845703
556,249.6214141846,-300.5767517090
557,250.4227447510,-299.9838867188
558,251.2188720703,-299.3853149414
559,252.0095062256,-298.7806701660
560,252.7943572998,-298.1697082520
561,253.5731658936,-297.5520324707
562,254.3456115723,-296.9273986816
563,255.1114196777,-296.2954406738
564,255.8703460693,-295.6558227539
565,256.6220703125,-295.0083007812
566,257.3662719727,-294.3524780273
567,258.1028747559,-293.6882019043
568,258.8318786621,-293.0156250000
569,259.5534362793,-292.3348388672
570,260.2676391602,-291.6460571289
571,260.9745788574,-290.9494323730
572,261.6744384766,-290.2451171875
573,262.3672485352,-289.5332946777
574,263.0531616211,-288.8141479492
575,263.7322998047,-288.0877685547
576,264.4047851562,-287.3543701172
577,265.0706787109,-286.6141357422
578,265.7301330566,-285.8671875000
579,266.3832397461,-285.1137084961
580,267.0301208496,-284.3538208008
581,267.6708984375,-283.5877380371
582,268.3056640625,-282.8156127930
583,268.9345397949,-282.0375671387
584,269.5576477051,-281.2538452148
585,270.1750488281,-280.4645080566
586,270.7869262695,-279.6698303223
587,271.3933410645,-278.8698730469
588,271.9944152832,-278.0648803711
589,272.5903015137,-277.2549438477
590,273.1810607910,-276.4402770996
591,273.7668151855,-275.6210021973
592,274.3476867676,-274.7973327637
593,274.9237670898,-273.9693908691
594,275.4952087402,-273.1373901367
595,276.0621032715,-272.3013916016
596,276.6245117188,-271.4616699219
597,277.1826477051,-270.6183166504
598,277.7365417480,-269.7715454102
599,278.2863159180,-268.9214782715
600,278.8320922852,-268.0682983398
601,279.3739929199,-267.2121582031
602,279.9121398926,-266.3532409668
603,280.4466247559,-265.4916992188
604,280.9775390625,-264.6276550293
605,281.5050659180,-263.7613525391
606,282.0292053223,-262.8928833008
607,282.5501403809,-262.0224304199
608,283.0680236816,-261.1501770020
609,283.5828857422,-260.2763061523
610,284.0948486328,-259.4009094238
611,284.6040649414,-258.5242004395
612,285.1105957031,-257.6463317871
613,285.6145935059,-256.7672729492
614,286.1160583496,-255.8871765137
615,286.6151123047,-255.0060729980
616,287.1118774414,-254.1240234375
617,287.6063842773,-253.2410736084
618,288.0987243652,-252.3572998047
619,288.5889892578,-251.4727478027
620,289.0773010254,-250.5874786377
621,289.5636901855,-249.7015686035
622,290.0483093262,-248.8150482178
623,290.5311279297,-247.9280090332
624,291.0123291016,-247.0404815674
625,291.4920043945,-246.1525421143
626,291.9701538086,-245.2642364502
627,292.4469604492,-244.3756408691
628,292.9223937988,-243.4868011475
629,293.3966674805,-242.5977935791
630,293.8697814941,-241.7086486816
631,294.3418579102,-240.8194427490
632,294.8129577637,-239.9302368164
633,295.2831726074,-239.0411071777
634,295.7526245117,-238.1520843506
635,296.2213745117,-237.2632446289
636,296.6894531250,-236.3746337891
637,297.1570129395,-235.4863128662
638,297.6241149902,-234.5983428955
639,298.0908508301,-233.7108001709
640,298.5573120117,-232.8237304688
641,299.0235900879,-231.9371948242
642,299.4897460938,-231.0512542725
643,299.9558715820,-230.1659545898
644,300.4220581055,-229.2813720703
645,300.8883972168,-228.3975677490
646,301.3549499512,-227.5145874023
647,301.8218078613,-226.6324920654
648,302.2891235352,-225.7513580322
649,302.7568359375,-224.8712158203
650,303.2251892090,-223.9921569824
651,303.6941833496,-223.1142120361
652,304.1639099121,-222.2374572754
653,304.6344299316,-221.3619537354
654,305.1059265137,-220.4877624512
655,305.5783691406,-219.6149139404
656,306.0519409180,-218.7434997559
657,306.5266418457,-217.8735809326
658,307.0026245117,-217.0051879883
659,307.4799194336,-216.1384124756
660,307.9586181641,-215.2732696533
661,308.4388427734,-214.4098815918
662,308.9207153320,-213.5482482910
663,309.4042053223,-212.6884765625
664,309.8894958496,-211.8305816650
665,310.3765869141,-210.9746704102
666,310.8656616211,-210.1207580566
667,311.3567199707,-209.2689361572
668,311.8499145508,-208.4192352295
669,312.3452758789,-207.5717315674
670,312.8429260254,-206.7265014648
671,313.3429260254,-205.8835144043
672,313.8451232910,-205.0426025391
673,314.3494262695,-204.2035369873
674,314.8556823730,-203.3661041260
675,315.3638305664,-202.5300750732
676,315.8736877441,-201.6952056885
677,316.3851928711,-200.8612976074
678,316.8981628418,-200.0281219482
679,317.4125061035,-199.1954498291
680,317.9281311035,-198.3630523682
681,318.4448242188,-197.5307159424
682,318.9625549316,-196.6982269287
683,319.4811401367,-195.8653411865
684,320.0004882812,-195.0318298340
685,320.5205078125,-194.1974945068
686,321.0410156250,-193.3621063232
687,321.5618896484,-192.5254058838
688,322.0830383301,-191.6872100830
689,322.6043701172,-190.8472900391
690,323.1257019043,-190.0054016113
691,323.6469726562,-189.1613464355
692,324.1679687500,-188.3148803711
693,324.6886291504,-187.4657897949
694,325.2088623047,-186.6138305664
695,325.7284545898,-185.7588043213
696,326.2473754883,-184.9004821777
697,326.7654724121,-184.0386199951
698,327.2825927734,-183.1730346680
699,327.7986450195,-182.3034667969
700,328.3135070801,-181.4297027588
701,328.8270263672,-180.5515136719
702,329.3391113281,-179.6686859131
703,329.8496398926,-178.7809906006
704,330.3584594727,-177.8881988525
705,330.8654785156,-176.9901123047
706,331.3705749512,-176.0864715576
707,331.8735961914,-175.1770629883
708,332.3744812012,-174.2616729736
709,332.8730468750,-173.3400726318
710,333.3691711426,-172.4120178223
711,333.8626708984,-171.4773864746
712,334.3520812988,-170.5365142822
713,334.8353271484,-169.5900878906
714,335.3102722168,-168.6387786865
715,335.7748718262,-167.6832885742
716,336.2269897461,-166.7242736816
717,336.6645202637,-165.7624359131
718,337.0853576660,-164.7984619141
719,337.4873962402,-163.8330078125
720,337.8685607910,-162.8667907715
721,338.2267150879,-161.9004669189
722,338.5597839355,-160.9347381592
723,338.8656311035,-159.9702453613
724,339.1421813965,-159.0077209473
725,339.3873596191,-158.0478210449
726,339.5989685059,-157.0912322998
727,339.7750244141,-156.1386260986
728,339.9133300781,-155.1907196045
729,340.0118103027,-154.2481536865
730,340.0683898926,-153.3115997314
731,340.0809936523,-152.3817901611
732,340.0474243164,-151.4593811035
733,339.9665222168,-150.5447845459
734,339.8394775391,-149.6378479004
735,339.6679382324,-148.7382659912
736,339.4535217285,-147.8457489014
737,339.1978759766,-146.9600219727
738,338.9025878906,-146.0807800293
739,338.5693664551,-145.2077484131
740,338.1997680664,-144.3406677246
741,337.7954711914,-143.4792022705
742,337.3580932617,-142.6231079102
743,336.8892822266,-141.7720947266
744,336.3906555176,-140.9258422852
745,335.8638610840,-140.0841217041
746,335.3105468750,-139.2465972900
747,334.7323303223,-138.4130096436
748,334.1307983398,-137.5830841064
749,333.5076904297,-136.7565155029
750,332.8645629883,-135.9330139160
751,332.2030639648,-135.1123352051
752,331.5248413086,-134.2941589355
753,330.8315429688,-133.4781951904
754,330.1247558594,-132.6641845703
755,329.4061889648,-131.8518218994
756,328.6773986816,-131.0408325195
757,327.9400939941,-130.2309417725
758,327.1958312988,-129.4218292236
759,326.4463195801,-128.6132507324
760,325.6931457520,-127.8049011230
761,324.9379577637,-126.9964904785
762,324.1824035645,-126.1877441406
763,323.4281311035,-125.3783645630
764,322.6767272949,-124.5680923462
765,321.9295959473,-123.7566986084
766,321.1869201660,-122.9444580078
767,320.4482727051,-122.1317749023
768,319.7134704590,-121.3190536499
769,318.9821472168,-120.5066680908
770,318.2540588379,-119.6950378418
771,317.5288696289,-118.8845596313
772,316.8062744141,-118.0756301880
773,316.0860595703,-117.2686462402
774,315.3678894043,-116.4640045166
775,314.6514282227,-115.6621170044
776,313.9364013672,-114.8633575439
777,313.2225646973,-114.0681533813
778,312.5095520020,-113.2768859863
779,311.7971496582,-112.4899673462
780,311.0849609375,-111.7077865601
781,310.3727722168,-110.9307403564
782,309.6603088379,-110.1592407227
783,308.9471740723,-109.3936767578
784,308.2331237793,-108.6344451904
785,307.5179138184,-107.8819503784
786,306.8012084961,-107.1365966797
787,306.0827026367,-106.3987731934
788,305.3621215820,-105.6688842773
789,304.6391296387,-104.9473266602
790,303.9135131836,-104.2344970703
791,303.1849365234,-103.5307922363
792,302.4530944824,-102.8366241455
793,301.7176513672,-102.1523742676
794,300.9784240723,-101.4784545898
795,300.2350158691,-100.8152694702
796,299.4872131348,-100.1632003784
797,298.7346496582,-99.5226516724
798,297.9770507812,-98.8940353394
799,297.2141723633,-98.2777328491
800,296.4456787109,-97.6741485596
801,295.6712646484,-97.0836868286
802,294.8906555176,-96.5067443848
803,294.1036071777,-95.9437179565
804,293.3097229004,-95.3950042725
805,292.5087585449,-94.8610153198
806,291.7004089355,-94.3421249390
807,290.8844299316,-93.8387603760
808,290.0604858398,-93.3512954712
809,289.2282714844,-92.8801498413
810,288.3875122070,-92.4257125854
811,287.5379028320,-91.9883880615
812,286.6791687012,-91.5685577393
813,285.8110046387,-91.1666412354
814,284.9331054688,-90.7830276489
815,284.0451965332,-90.4181213379
816,283.1469726562,-90.0723190308
817,282.2381286621,-89.7460098267
818,281.3184204102,-89.4396133423
819,280.3874816895,-89.1535034180
820,279.4450683594,-88.8880920410
821,278.4909057617,-88.6437759399
822,277.5255432129,-88.4207916260
823,276.5500793457,-88.2192687988
824,275.5657653809,-88.0392990112
825,274.5737609863,-87.8810195923
826,273.5753173828,-87.7445449829
827,272.5715637207,-87.6299743652
828,271.5636901855,-87.5374374390
829,270.5529174805,-87.4670410156
830,269.5404052734,-87.4189071655
831,268.5274047852,-87.3931427002
832,267.5150451660,-87.3898696899
833,266.5045471191,-87.4092025757
834,265.4971008301,-87.4512557983
835,264.4938659668,-87.5161437988
836,263.4961242676,-87.6039733887
837,262.5049438477,-87.7148818970
838,261.5212402344,-87.8488082886
839,260.5449829102,-88.0053100586
840,259.5759582520,-88.1839141846
841,258.6140747070,-88.3841171265
842,257.6591491699,-88.6054229736
843,256.7110290527,-88.8473358154
844,255.7695465088,-89.1093750000
845,254.8345489502,-89.3910369873
846,253.9058685303,-89.6918411255
847,252.9833831787,-90.0112762451
848,252.0669250488,-90.3488616943
849,251.1563110352,-90.7041015625
850,250.2514038086,-91.0764999390
851,249.3520660400,-91.4655761719
852,248.4580993652,-91.8708267212
853,247.5693817139,-92.2917633057
854,246.6857452393,-92.7278747559
855,245.8070373535,-93.1786880493
856,244.9331054688,-93.6437149048
857,244.0637817383,-94.1224441528
858,243.1989135742,-94.6143951416
859,242.3383483887,-95.1190643311
860,241.4819335938,-95.6359634399
861,240.6295013428,-96.1646118164
862,239.7809143066,-96.7044982910
863,238.9359893799,-97.2551345825
864,238.0945892334,-97.8160324097
865,237.2565612793,-98.3866958618
866,236.4217224121,-98.9666290283
867,235.5899505615,-99.5553359985
868,234.7610778809,-100.1523437500
869,233.9349365234,-100.7571334839
870,233.1113891602,-101.3692245483
871,232.2902679443,-101.9881286621
872,231.4714202881,-102.6133346558
873,230.6546783447,-103.2443695068
874,229.8398895264,-103.8807296753
875,229.0269165039,-104.5219268799
876,228.2155914307,-105.1674575806
877,227.4057464600,-105.8168411255
878,226.5972442627,-106.4695816040
879,225.7899169922,-107.1251754761
880,224.9835968018,-107.7831420898
881,224.1781616211,-108.4429779053
882,223.3734436035,-109.1042098999
883,222.5692596436,-109.7663269043
884,221.7654724121,-110.4288406372
885,220.9619293213,-111.0912551880
886,220.1584777832,-111.7530670166
887,219.3549499512,-112.4138107300
888,218.5511932373,-113.0729751587
889,217.7470397949,-113.7300720215
890,216.9423675537,-114.3846054077
891,216.1369781494,-115.0360794067
892,215.3307495117,-115.6840057373
893,214.5234985352,-116.3278884888
894,213.7150878906,-116.9672393799
895,212.9053497314,-117.6015625000
896,212.0941314697,-118.2303543091
897,211.2812652588,-118.8531341553
898,210.4666137695,-119.4694061279
899,209.6499938965,-120.0786819458
900,208.8312988281,-120.6804504395
901,208.0103149414,-121.2742462158
902,207.1869049072,-121.8595504761
903,206.3609313965,-122.4358825684
904,205.5322265625,-123.0027389526
905,204.7006072998,-123.5596466064
906,203.8660430908,-124.1063690186
907,203.0285491943,-124.6432189941
908,202.1882019043,-125.1705551147
909,201.3450927734,-125.6887435913
910,200.4992980957,-126.1981582642
911,199.6508636475,-126.6991577148
912,198.7998809814,-127.1920928955
913,197.9464111328,-127.6773529053
914,197.0905456543,-128.1552886963
915,196.2323455811,-128.6262664795
916,195.3718872070,-129.0906677246
917,194.5092468262,-129.5488281250
918,193.6444854736,-130.0011291504
919,192.7776947021,-130.4479217529
920,191.9089202881,-130.8896026611
921,191.0382690430,-131.3265075684
922,190.1658020020,-131.7590179443
923,189.2915649414,-132.1874847412
924,188.4156799316,-132.6122741699
925,187.5381774902,-133.0337677002
926,186.6591491699,-133.4523162842
927,185.7786865234,-133.8682708740
928,184.8968048096,-134.2820434570
929,184.0136566162,-134.6939392090
930,183.1292572021,-135.1043701172
931,182.2436981201,-135.5136718750
932,181.3570404053,-135.9222412109
933,180.4693756104,-136.3304138184
934,179.5807647705,-136.7385406494
935,178.6912994385,-137.1470336914
936,177.8010253906,-137.5562286377
937,176.9100494385,-137.9665069580
938,176.0184020996,-138.3782043457
939,175.1261901855,-138.7917175293
940,174.2334747314,-139.2073822021
941,173.3403320312,-139.6255798340
942,172.4468231201,-140.0466766357
943,171.5530395508,-140.4710235596
944,170.6590270996,-140.8990020752
945,169.7648925781,-141.3309631348
946,168.8706970215,-141.7672882080
947,167.9764862061,-142.2083282471
948,167.0823669434,-142.6544342041
949,166.1884002686,-143.1059722900
950,165.2946624756,-143.5633392334
951,164.4011993408,-144.0268859863
952,163.5081329346,-144.4969482422
953,162.6154785156,-144.9739227295
954,161.7233734131,-145.4581604004
955,160.8318176270,-145.9500274658
956,159.9409332275,-146.4498901367
957,159.0507965088,-146.9581146240
958,158.1614532471,-147.4750671387
959,157.2729797363,-148.0010833740
960,156.3854370117,-148.5365753174
961,155.4989318848,-149.0818786621
962,154.6135253906,-149.6373901367
963,153.7292633057,-150.2034149170
964,152.8462524414,-150.7803497314
965,151.9645233154,-151.3685913086
966,151.0841979980,-151.9684600830
967,150.2052917480,-152.5803375244
968,149.3279266357,-153.2045745850
969,148.4521484375,-153.8415679932
970,147.5780487061,-154.4916534424
971,146.7056732178,-155.1551513672
972,145.8349609375,-155.8310241699
973,144.9657287598,-156.5169525146
974,144.0978240967,-157.2104797363
975,143.2310333252,-157.9091949463
976,142.3651885986,-158.6107025146
977,141.5001068115,-159.3125610352
978,140.6356048584,-160.0123901367
979,139.7714996338,-160.7077484131
980,138.9076080322,-161.3962402344
981,138.0437622070,-162.0754241943
982,137.1797790527,-162.7429046631
983,136.3154602051,-163.3962402344
984,135.4506378174,-164.0330352783
985,134.5851440430,-164.6508636475
986,133.7188110352,-165.2473297119
987,132.8514404297,-165.8199615479
988,131.9828643799,-166.3663940430
989,131.1129455566,-166.8841857910
990,130.2414703369,-167.3709259033
991,129.3682708740,-167.8241882324
992,128.4932403564,-168.2415771484
993,127.6161804199,-168.6206665039
994,126.7369308472,-168.9590759277
995,125.8553466797,-169.2543945312
996,124.9712600708,-169.5042114258
997,124.0845108032,-169.7061462402
998,123.1949539185,-169.8577880859
999,122.3023910522,-169.9567871094
1000,121.4066696167,-170.0007476807
1001,120.5075836182,-169.9873046875
1002,119.6049499512,-169.9140930176
1003,118.6989135742,-169.7802581787
1004,117.7903823853,-169.5874176025
1005,116.8803863525,-169.3373565674
1006,115.9699401855,-169.0319061279
1007,115.0600891113,-168.6728363037
1008,114.1518554688,-168.2619934082
1009,113.2462768555,-167.8011474609
1010,112.3443756104,-167.2921295166
1011,111.4472045898,-166.7367553711
1012,110.5558013916,-166.1367950439
1013,109.6712036133,-165.4941101074
1014,108.7944564819,-164.8104705811
1015,107.9265975952,-164.0877075195
1016,107.0686721802,-163.3276214600
1017,106.2217254639,-162.5320434570
1018,105.3867874146,-161.7027587891
1019,104.5649185181,-160.8416137695
1020,103.7571487427,-159.9503936768
1021,102.9645233154,-159.0309295654
1022,102.1880798340,-158.0850372314
1023,101.4288711548,-157.1145172119
1024,100.6879348755,-156.1212005615
1025,99.9663009644,-155.1069030762
1026,99.2650375366,-154.0734252930
1027,98.5851593018,-153.0226135254
1028,97.9277267456,-151.9562377930
1029,97.2937622070,-150.8761749268
1030,96.6843261719,-149.7841796875
1031,96.1004486084,-148.6820983887
1032,95.5431671143,-147.5717620850
1033,95.0135269165,-146.4549560547
1034,94.5125579834,-145.3335113525
1035,94.0413208008,-144.2092590332
1036,93.6008300781,-143.0839843750
1037,93.1921310425,-141.9595184326
1038,92.8162689209,-140.8377075195
1039,92.4742736816,-139.7203216553
1040,92.1671829224,-138.6092071533
1041,91.8960342407,-137.5061492920
1042,91.6618423462,-136.4130096436
1043,91.4656677246,-135.3315582275
1044,91.3085403442,-134.2636108398
1045,91.1914901733,-133.2109832764
1046,91.1155624390,-132.1755218506
1047,91.0817871094,-131.1589660645
1048,91.0911941528,-130.1631774902
1049,91.1448211670,-129.1899108887
1050,91.2436981201,-128.2409973145
1051,91.3888473511,-127.3182144165
1052,91.5813140869,-126.4233474731
1053,91.8221206665,-125.5581665039
1054,92.1123199463,-124.7244491577
1055,92.4529495239,-123.9239578247
1056,92.8450546265,-123.1583786011
1057,93.2885589600,-122.4279861450
1058,93.7816925049,-121.7313766479
1059,94.3225250244,-121.0670776367
1060,94.9091110229,-120.4336700439
1061,95.5395278931,-119.8297042847
1062,96.2117919922,-119.2537689209
1063,96.9239196777,-118.7044448853
1064,97.6739425659,-118.1803283691
1065,98.4598464966,-117.6799697876
1066,99.2796401978,-117.2019729614
1067,100.1313018799,-116.7449035645
1068,101.0128250122,-116.3073272705
1069,101.9222030640,-115.8878097534
1070,102.8574142456,-115.4849090576
1071,103.8164443970,-115.0971832275
1072,104.7972717285,-114.7231750488
1073,105.7979049683,-114.3614578247
1074,106.8162994385,-114.0105667114
1075,107.8504791260,-113.6690521240
1076,108.8984069824,-113.3354568481
1077,109.9580764771,-113.0083312988
1078,111.0274887085,-112.6862182617
1079,112.1046371460,-112.3676605225
1080,113.1874923706,-112.0512008667
1081,114.2740783691,-111.7353820801
1082,115.3623657227,-111.4187469482
1083,116.4503631592,-111.0998306274
1084,117.5360488892,-110.7771911621
1085,118.6174316406,-110.4493560791
1086,119.6924972534,-110.1148834229
1087,120.7592620850,-109.7723007202
1088,121.8157043457,-109.4201583862
1089,122.8600082397,-109.0571365356
1090,123.8918380737,-108.6831207275
1091,124.9115524292,-108.2986068726
1092,125.9195327759,-107.9040908813
1093,126.9161529541,-107.5000686646
1094,127.9017791748,-107.0870513916
1095,128.8768005371,-106.6655273438
1096,129.8415679932,-106.2359924316
1097,130.7964630127,-105.7989349365
1098,131.7418518066,-105.3548507690
1099,132.6781158447,-104.9042282104
1100,133.6056060791,-104.4475631714
1101,134.5247039795,-103.9853363037
1102,135.4357604980,-103.5180587769
1103,136.3391723633,-103.0462188721
1104,137.2352905273,-102.5702972412
1105,138.1244659424,-102.0907974243
1106,139.0070800781,-101.6082153320
1107,139.8835144043,-101.1230316162
1108,140.7541198730,-100.6357574463
1109,141.6192321777,-100.1468658447
1110,142.4792938232,-99.6568679810
1111,143.3345947266,-99.1662445068
1112,144.1855468750,-98.6755065918
1113,145.0324859619,-98.1851348877
1114,145.8757781982,-97.6956329346
1115,146.7158203125,-97.2074813843
1116,147.5529479980,-96.7211837769
1117,148.3875274658,-96.2372436523
1118,149.2199249268,-95.7561492920
1119,150.0505218506,-95.2783889771
1120,150.8796539307,-94.8044586182
1121,151.7077178955,-94.3348693848
1122,152.5350494385,-93.8700942993
1123,153.3620147705,-93.4106521606
1124,154.1889953613,-92.9570159912
1125,155.0163421631,-92.5096893311
1126,155.8444061279,-92.0691680908
1127,156.6735839844,-91.6359558105
1128,157.5042114258,-91.2105331421
1129,158.3366699219,-90.7934036255
1130,159.1713714600,-90.3847808838
1131,160.0088195801,-89.9845809937
1132,160.8495178223,-89.5926284790
1133,161.6939697266,-89.2087783813
1134,162.5427093506,-88.8328781128
1135,163.3962097168,-88.4647827148
1136,164.2550048828,-88.1043319702
1137,165.1195831299,-87.7513809204
1138,165.9904632568,-87.4057693481
1139,166.8681640625,-87.0673599243
1140,167.7531738281,-86.7359924316
1141,168.6460113525,-86.4115142822
1142,169.5471954346,-86.0937728882
1143,170.4572296143,-85.7826232910
1144,171.3766174316,-85.4779052734
1145,172.3058776855,-85.1794815063
1146,173.2454986572,-84.8871841431
1147,174.1960296631,-84.6008682251
1148,175.1579284668,-84.3203964233
1149,176.1317749023,-84.0456085205
1150,177.1180114746,-83.7763748169
1151,178.1172027588,-83.5125350952
1152,179.1298370361,-83.2539520264
1153,180.1564331055,-83.0004882812
1154,181.1974792480,-82.7519836426
1155,182.2535095215,-82.5082931519
1156,183.3250274658,-82.2692794800
1157,184.4125366211,-82.0347900391
1158,185.5165557861,-81.8046951294
1159,186.6376037598,-81.5788269043
1160,187.7761840820,-81.3570556641
1161,188.9327850342,-81.1392211914
1162,190.1072845459,-80.9251022339
1163,191.2985076904,-80.7142715454
1164,192.5052642822,-80.5063171387
1165,193.7262573242,-80.3008270264
1166,194.9602661133,-80.0973739624
1167,196.2060241699,-79.8955383301
1168,197.4623107910,-79.6949157715
1169,198.7278442383,-79.4950790405
1170,200.0014038086,-79.2956085205
1171,201.2817535400,-79.0960845947
1172,202.5676116943,-78.8960952759
1173,203.8577575684,-78.6952209473
1174,205.1509552002,-78.4930267334
1175,206.4459075928,-78.2891235352
1176,207.7414398193,-78.0830688477
1177,209.0362548828,-77.8744583130
1178,210.3291015625,-77.6628646851
1179,211.6187744141,-77.4478759766
1180,212.9039764404,-77.2290649414
1181,214.1835021973,-77.0060272217
1182,215.4561004639,-76.7783355713
1183,216.7205200195,-76.5455703735
1184,217.9754791260,-76.3073196411
1185,219.2197723389,-76.0631561279
1186,220.4521484375,-75.8126678467
1187,221.6713562012,-75.5554428101
1188,222.8761596680,-75.2910537720
1189,224.0652770996,-75.0190811157
1190,225.2375030518,-74.7391204834
1191,226.3915557861,-74.4507369995
1192,227.5262145996,-74.1535186768
1193,228.6402130127,-73.8470458984
1194,229.7323303223,-73.5309143066
1195,230.8013000488,-73.2046966553
1196,231.8458862305,-72.8679733276
1197,232.8648376465,-72.5203399658
1198,233.8569183350,-72.1613540649
1199,234.8208770752,-71.7906265259
1200,235.7554473877,-71.4077148438
1201,236.6593933105,-71.0122146606
1202,237.5314941406,-70.6037063599
1203,238.3704833984,-70.1817626953
1204,239.1751251221,-69.7459640503
1205,239.9441528320,-69.2959060669
1206,240.6763305664,-68.8311614990
1207,241.3704376221,-68.3513259888
1208,242.0252227783,-67.8559570312
1209,242.6394348145,-67.3446655273
1210,243.2118225098,-66.8170166016
1211,243.7411956787,-66.2725982666
1212,244.2262878418,-65.7109909058
1213,244.6658630371,-65.1317672729
1214,245.0587158203,-64.5345077515
1215,245.4036102295,-63.9187583923
1216,245.6992950439,-63.2841072083
1217,245.9445800781,-62.6301002502
1218,246.1381835938,-61.9562873840
1219,246.2788848877,-61.2622261047
1220,246.3654479980,-60.5474662781
1221,246.3965911865,-59.8115615845
1222,246.3710784912,-59.0540695190
1223,246.2876281738,-58.2745628357
1224,246.1465759277,-57.4731636047
1225,245.9512786865,-56.6512298584
1226,245.7055053711,-55.8102874756
1227,245.4130401611,-54.9518585205
1228,245.0776214600,-54.0774497986
1229,244.7030487061,-53.1885833740
1230,244.2930908203,-52.2867774963
1231,243.8515472412,-51.3735351562
1232,243.3821868896,-50.4503669739
1233,242.8887786865,-49.5187835693
1234,242.3751068115,-48.5802917480
1235,241.8449707031,-47.6363945007
1236,241.3021392822,-46.6885986328
1237,240.7503662109,-45.7384071350
1238,240.1934814453,-44.7873268127
1239,239.6352233887,-43.8368568420
1240,239.0793914795,-42.8885078430
1241,238.5297546387,-41.9437637329
1242,237.9884796143,-41.0036544800
1243,237.4551544189,-40.0683403015
1244,236.9290466309,-39.1379165649
1245,236.4094390869,-38.2124671936
1246,235.8956146240,-37.2920875549
1247,235.3868408203,-36.3768577576
1248,234.8824157715,-35.4668655396
1249,234.3816070557,-34.5622100830
1250,233.8837127686,-33.6629714966
1251,233.3880157471,-32.7692413330
1252,232.8937988281,-31.8811054230
1253,232.4003295898,-30.9986572266
1254,231.9069213867,-30.1219768524
1255,231.4128265381,-29.2511577606
1256,230.9173583984,-28.3862895966
1257,230.4197692871,-27.5274543762
1258,229.9193725586,-26.6747455597
1259,229.4154205322,-25.8282508850
1260,228.9072265625,-24.9880580902
1261,228.3940734863,-24.1542549133
1262,227.8752136230,-23.3269290924
1263,227.3499603271,-22.5061740875
1264,226.8175964355,-21.6920738220
1265,226.2774047852,-20.8847198486
1266,225.7286529541,-20.0841999054
1267,225.1706390381,-19.2906017303
1268,224.6026306152,-18.5040168762
1269,224.0239410400,-17.7245330811
1270,223.4338378906,-16.9522380829
1271,222.8316040039,-16.1872234344
1272,222.2165222168,-15.4295768738
1273,221.5878906250,-14.6793889999
1274,220.9449768066,-13.9367475510
1275,220.2870635986,-13.2017421722
1276,219.6134490967,-12.4744625092
1277,218.9234008789,-11.7549991608
1278,218.2162322998,-11.0434389114
1279,217.4912872314,-10.3398551941
1280,216.7487335205,-9.6440992355
1281,215.9892425537,-8.9558916092
1282,215.2134857178,-8.2749462128
1283,214.4221649170,-7.6009812355
1284,213.6159210205,-6.9337105751
1285,212.7954406738,-6.2728509903
1286,211.9613800049,-5.6181173325
1287,211.1144409180,-4.9692263603
1288,210.2552947998,-4.3258934021
1289,209.3845977783,-3.6878340244
1290,208.5030364990,-3.0547635555
1291,207.6112823486,-2.4263985157
1292,206.7100067139,-1.8024541140
1293,205.7998962402,-1.1826459169
1294,204.8816070557,-0.5666896105
1295,203.9557952881,0.0456989892
1296,203.0231933594,0.6548042893
1297,202.0844116211,1.2609106302
1298,201.1401824951,1.8643023968
1299,200.1911315918,2.4652640820
1300,199.2379455566,3.0640797615
1301,198.2813110352,3.6610338688
1302,197.3218841553,4.2564105988
1303,196.3603668213,4.8504948616
1304,195.3973846436,5.4435691833
1305,194.4336700439,6.0359177589
1306,193.4698486328,6.6278243065
1307,192.5066223145,7.2195720673
1308,191.5446319580,7.8114447594
1309,190.5845794678,8.4037265778
1310,189.6271514893,8.9966993332
1311,188.6729736328,9.5906486511
1312,187.7227478027,10.1858577728
1313,186.7771453857,10.7826108932
1314,185.8368377686,11.3811912537
1315,184.9024810791,11.9818820953
1316,183.9747772217,12.5849685669
1317,183.0543823242,13.1907339096
1318,182.1419677734,13.7994623184
1319,181.2382049561,14.4114379883
1320,180.3437805176,15.0269460678
1321,179.4593353271,15.6462697983
1322,178.5855865479,16.2696933746
1323,177.7231750488,16.8975028992
1324,176.8727874756,17.5299835205
1325,176.0350799561,18.1674156189
1326,175.2107238770,18.8100910187
1327,174.4003906250,19.4582901001
1328,173.6047821045,20.1123008728
1329,172.8245391846,20.7724094391
1330,172.0603485107,21.4388999939
1331,171.3128662109,22.1120605469
1332,170.5827789307,22.7921772003
1333,169.8707275391,23.4795379639
1334,169.1774291992,24.1744289398
1335,168.5035247803,24.8771400452
1336,167.8496856689,25.5879573822
1337,167.2165985107,26.3071727753
1338,166.6049346924,27.0350742340
1339,166.0153350830,27.7719516754
1340,165.4485168457,28.5180931091
1341,164.9051208496,29.2737922668
1342,164.3858184814,30.0393390656
1343,163.8912963867,30.8150234222
1344,163.4222259521,31.6011390686
1345,162.9792938232,32.3979797363
1346,162.5631561279,33.2058334351
1347,162.1744842529,34.0249900818
1348,161.8139801025,34.8557472229
1349,161.4823150635,35.6983909607
1350,161.1801452637,36.5532112122
1351,160.9081726074,37.4204978943
1352,160.6670684814,38.3005447388
1353,160.4575042725,39.1936378479
1354,160.2801818848,40.1000595093
1355,160.1357727051,41.0200920105
1356,160.0249633789,41.9540290833
1357,159.9484405518,42.9021453857
1358,159.9068756104,43.8647270203
1359,159.8992156982,44.8415794373
1360,159.9122924805,45.8310050964
1361,159.9277038574,46.8313217163
1362,159.9271240234,47.8408584595
1363,159.8922271729,48.8579406738
1364,159.8083038330,49.8817024231
1365,159.6734924316,50.9121017456
1366,159.4888000488,51.9488372803
1367,159.2553253174,52.9915885925
1368,158.9741210938,54.0400466919
1369,158.6462097168,55.0938911438
1370,158.2726745605,56.1528091431
1371,157.8545989990,57.2164764404
1372,157.3929748535,58.2845726013
1373,156.8889007568,59.3567695618
1374,156.3434143066,60.4327392578
1375,155.7575836182,61.5121688843
1376,155.1324615479,62.5947151184
1377,154.4691162109,63.6800651550
1378,153.7685852051,64.7678833008
1379,153.0319519043,65.8578414917
1380,152.2602539062,66.9496154785
1381,151.4545593262,68.0428695679
1382,150.6159515381,69.1372833252
1383,149.7454681396,70.2325210571
1384,148.8441772461,71.3282623291
1385,147.9131164551,72.4241714478
1386,146.9533996582,73.5199279785
1387,145.9660491943,74.6151885986
1388,144.9521179199,75.7096405029
1389,143.9127197266,76.8029479980
1390,142.8488616943,77.8947906494
1391,141.7616271973,78.9848251343
1392,140.6520996094,80.0727386475
1393,139.5213317871,81.1581878662
1394,138.3703613281,82.2408599854
1395,137.2002868652,83.3204193115
1396,136.0121307373,84.3965377808
1397,134.8069915771,85.4688949585
1398,133.5859069824,86.5371551514
1399,132.3499755859,87.6009902954
1400,131.1002349854,88.6600723267
1401,129.8377532959,89.7140731812
1402,128.5635833740,90.7626800537
1403,127.2788085938,91.8055419922
1404,125.9844741821,92.8423461914
1405,124.6816558838,93.8727645874
1406,123.3714141846,94.8964691162
1407,122.0548019409,95.9131240845
1408,120.7328948975,96.9223937988
1409,119.4067382812,97.9239578247
1410,118.0774002075,98.9174728394
1411,116.7459335327,99.9026107788
1412,115.4133911133,100.8790283203
1413,114.0808486938,101.8463973999
1414,112.7493515015,102.8043746948
1415,111.4199676514,103.7526397705
1416,110.0937423706,104.6908493042
1417,108.7717590332,105.6186752319
1418,107.4550628662,106.5357666016
1419,106.1447143555,107.4418106079
1420,104.8417739868,108.3364639282
1421,103.5473022461,109.2193908691
1422,102.2623596191,110.0902481079
1423,100.9879989624,110.9487152100
1424,99.7252883911,111.7944488525
1425,98.4752883911,112.6271209717
1426,97.2390594482,113.4463958740
1427,96.0176620483,114.2519378662
1428,94.8121490479,115.0434036255
1429,93.6235885620,115.8204727173
1430,92.4530334473,116.5828018188
1431,91.3015441895,117.3300552368
1432,90.1701965332,118.0618972778
1433,89.0600357056,118.7780075073
1434,87.9721145630,119.4780349731
1435,86.9075164795,120.1616516113
1436,85.8672866821,120.8285217285
1437,84.8524932861,121.4783096313
1438,83.8641815186,122.1106872559
1439,82.9034271240,122.7253112793
1440,81.9712905884,123.3218536377
1441,81.0688171387,123.8999633789
1442,80.1970825195,124.4593353271
1443,79.3571472168,124.9996032715
1444,78.5500640869,125.5204620361
1445,77.7768859863,126.0215530396
1446,77.0386962891,126.5025558472
1447,76.3365325928,126.9631347656
1448,75.6714630127,127.4029541016
1449,75.0445480347,127.8216705322
1450,74.4568481445,128.2189636230
1451,73.9094238281,128.5944824219
1452,73.4033203125,128.9479217529
1453,72.9396133423,129.2789306641
1454,72.5193481445,129.5871887207
1455,72.1435775757,129.8723602295
1456,71.8133621216,130.1341400146
1457,71.5297317505,130.3721618652
1458,71.2937469482,130.5861816406
1459,71.1064071655,130.7759094238
1460,70.9687271118,130.9411621094
1461,70.8817214966,131.0820007324
1462,70.8467712402,131.1990051270
1463,70.8669433594,131.2921142578
1464,70.9433593750,131.3569641113
1465,71.0736770630,131.3929595947
1466,71.2590408325,131.4017333984
1467,71.5011596680,131.3834686279
1468,71.8013916016,131.3379669189
1469,72.1609268188,131.2648925781
1470,72.5809097290,131.1639251709
1471,73.0624237061,131.0347290039
1472,73.6065521240,130.8769836426
1473,74.2143783569,130.6903076172
1474,74.8869628906,130.4744262695
1475,75.6253662109,130.2289733887
1476,76.4306793213,129.9536132812
1477,77.3039398193,129.6480102539
1478,78.2461776733,129.3118743896
1479,79.2485427856,128.9502410889
1480,80.2790756226,128.5807189941
1481,81.3024673462,128.2227630615
1482,82.2834320068,127.8957824707
1483,83.1865921021,127.6192398071
1484,83.9764862061,127.4125671387
1485,84.6215209961,127.2928543091
1486,85.1163558960,127.2618026733
1487,85.4654006958,127.3142395020
1488,85.6735916138,127.4420166016
1489,85.7538528442,127.6393356323
1490,85.7147674561,127.9113769531
1491,85.5572891235,128.2551116943
1492,85.2859802246,128.6642456055
1493,84.9066467285,129.1335754395
1494,84.4252853394,129.6584777832
1495,83.8478546143,130.2345581055
1496,83.1802749634,130.8575286865
1497,82.4284820557,131.5231323242
1498,81.5983581543,132.2271270752
1499,80.6958160400,132.9653015137
1500,79.7267379761,133.7334594727
1501,78.6970291138,134.5273742676
1502,77.6125717163,135.3428192139
1503,76.4792556763,136.1756134033
1504,75.3029632568,137.0215606689
1505,74.0895767212,137.8764495850
1506,72.8449935913,138.7360534668
1507,71.5751037598,139.5961761475
1508,70.2857818604,140.4526519775
1509,68.9829254150,141.3012390137
1510,67.6724090576,142.1377563477
1511,66.3601226807,142.9580078125
1512,65.0519561768,143.7577362061
1513,63.7537994385,144.5327911377
1514,62.4715347290,145.2789459229
1515,61.2110633850,145.9919891357
1516,59.9782676697,146.6677093506
1517,58.7790412903,147.3019104004
1518,57.6193046570,147.8903808594
1519,56.5049514771,148.4288787842
1520,55.4419097900,148.9132385254
1521,54.4315910339,149.3410644531
1522,53.4627952576,149.7150726318
1523,52.5221138000,150.0389099121
1524,51.5961074829,150.3162231445
1525,50.6713180542,150.5506439209
1526,49.7342567444,150.7457885742
1527,48.7717399597,150.9051208496
1528,47.7808036804,151.0263061523
1529,46.7711334229,151.0995941162
1530,45.7531967163,151.1147918701
1531,44.7374610901,151.0616912842
1532,43.7343750000,150.9301605225
1533,42.7543601990,150.7100677490
1534,41.8077468872,150.3913116455
1535,40.9029426575,149.9682159424
1536,40.0452766418,149.4467163086
1537,39.2399215698,148.8345489502
1538,38.4920616150,148.1394958496
1539,37.8069038391,147.3694152832
1540,37.1896324158,146.5321197510
1541,36.6454429626,145.6354980469
1542,36.1795196533,144.6873626709
1543,35.7970314026,143.6956481934
1544,35.5030555725,142.6681518555
1545,35.2911911011,141.6152191162
1546,35.1322479248,140.5547943115
1547,34.9941978455,139.5061950684
1548,34.8448715210,138.4886779785
1549,34.6519126892,137.5213623047
1550,34.3827056885,136.6233825684
1551,34.0043258667,135.8140869141
1552,33.4902458191,135.1103820801
1553,32.8484497070,134.5057678223
1554,32.0979194641,133.9830017090
1555,31.2571544647,133.5245666504
1556,30.3443546295,133.1130676270
1557,29.3776149750,132.7312469482
1558,28.3750247955,132.3619537354
1559,27.3547058105,131.9881896973
1560,26.3348045349,131.5929260254
1561,25.3334941864,131.1592407227
1562,24.3689384460,130.6702880859
1563,23.4592647552,130.1092071533
1564,22.6191787720,129.4638519287
1565,21.8530864716,128.7397155762
1566,21.1634883881,127.9463958740
1567,20.5528964996,127.0934982300
1568,20.0238151550,126.1906661987
1569,19.5787563324,125.2475204468
1570,19.2202167511,124.2737350464
1571,18.9506835938,123.2789535522
1572,18.7726421356,122.2728271484
1573,18.6885623932,121.2650299072
1574,18.7008609772,120.2651443481
1575,18.8088092804,119.2795410156
1576,19.0067577362,118.3098678589
1577,19.2886371613,117.3574523926
1578,19.6483592987,116.4236450195
1579,20.0798358917,115.5097808838
1580,20.5769634247,114.6172180176
1581,21.1336307526,113.7473220825
1582,21.7437133789,112.9014434814
1583,22.4010868073,112.0809555054
1584,23.0996208191,111.2871780396
1585,23.8331851959,110.5214843750
1586,24.5956363678,109.7852096558
1587,25.3808460236,109.0796966553
1588,26.1827144623,108.4062652588
1589,26.9970836639,107.7646942139
1590,27.8226394653,107.1525421143
1591,28.6582908630,106.5672302246
1592,29.5029411316,106.0061340332
1593,30.3554954529,105.4666519165
1594,31.2148609161,104.9461822510
1595,32.0799369812,104.4421081543
1596,32.9496307373,103.9518432617
1597,33.8228416443,103.4727630615
1598,34.6984748840,103.0022659302
1599,35.5754318237,102.5377426147
1600,36.4526176453,102.0765838623
1601,37.3289337158,101.6161880493
1602,38.2032814026,101.1539382935
1603,39.0745697021,100.6872329712
1604,39.9416961670,100.2134552002
1605,40.8035659790,99.7300033569
1606,41.6590881348,99.2342605591
1607,42.5072288513,98.7238082886
1608,43.3478279114,98.1982192993
1609,44.1812744141,97.6583786011
1610,45.0079612732,97.1052017212
1611,45.8282928467,96.5396041870
1612,46.6426658630,95.9624786377
1613,47.4514808655,95.3747558594
1614,48.2551345825,94.7773361206
1615,49.0540313721,94.1711273193
1616,49.8485603333,93.5570373535
1617,50.6391220093,92.9359741211
1618,51.4261169434,92.3088531494
1619,52.2099342346,91.6765747070
1620,52.9909782410,91.0400619507
1621,53.7696418762,90.4001998901
1622,54.5463256836,89.7579269409
1623,55.3211936951,89.1137695312
1624,56.0939407349,88.4675216675
1625,56.8641815186,87.8188552856
1626,57.6315498352,87.1674499512
1627,58.3956604004,86.5129776001
1628,59.1561470032,85.8551177979
1629,59.9126243591,85.1935577393
1630,60.6647224426,84.5279617310
1631,61.4120635986,83.8580093384
1632,62.1542663574,83.1833801270
1633,62.8909645081,82.5037536621
1634,63.6217689514,81.8188018799
1635,64.3463211060,81.1281967163
1636,65.0642395020,80.4316253662
1637,65.7751312256,79.7287673950
1638,66.4786453247,79.0192947388
1639,67.1743850708,78.3028793335
1640,67.8619918823,77.5792083740
1641,68.5410766602,76.8479461670
1642,69.2112731934,76.1087799072
1643,69.8721923828,75.3613815308
1644,70.5234680176,74.6054306030
1645,71.1647262573,73.8405914307
1646,71.7955856323,73.0665664673
1647,72.4157180786,72.2830581665
1648,73.0255279541,71.4904174805
1649,73.6259536743,70.6894912720
1650,74.2180099487,69.8811416626
1651,74.8026504517,69.0662002563
1652,75.3808593750,68.2455520630
1653,75.9536132812,67.4200363159
1654,76.5218887329,66.5905075073
1655,77.0866775513,65.7578353882
1656,77.6489410400,64.9228515625
1657,78.2096710205,64.0864257812
1658,78.7698440552,63.2494201660
1659,79.3304214478,62.4126777649
1660,79.8924102783,61.5770530701
1661,80.4567642212,60.7434120178
1662,81.0244750977,59.9125976562
1663,81.5965118408,59.0854759216
1664,82.1738662720,58.2628974915
1665,82.7575073242,57.4457092285
1666,83.3484115601,56.6347808838
1667,83.9475631714,55.8309593201
1668,84.5559387207,55.0350990295
1669,85.1745147705,54.2480545044
1670,85.8042678833,53.4706840515
1671,86.4461746216,52.7038383484
1672,87.1012191772,51.9483718872
1673,87.7703857422,51.2051353455
1674,88.4546432495,50.4749870300
1675,89.1549682617,49.7587852478
1676,89.8723526001,49.0573692322
1677,90.6077575684,48.3716011047
1678,91.3621826172,47.7023353577
1679,92.1365814209,47.0504150391
1680,92.9319534302,46.4167022705
1681,93.7492828369,45.8020401001
1682,94.5895309448,45.2072906494
1683,95.4514617920,44.6314811707
1684,96.3263473511,44.0679168701
1685,97.2039184570,43.5087966919
1686,98.0739059448,42.9462928772
1687,98.9260253906,42.3725776672
1688,99.7500000000,41.7798194885
1689,100.5355529785,41.1601943970
1690,101.2723999023,40.5058555603
1691,101.9502334595,39.8089637756
1692,102.5587310791,39.0616874695
1693,103.0876922607,38.2563056946
1694,103.5405044556,37.3940849304
1695,103.9471817017,36.4926300049
1696,104.3407440186,35.5712738037
1697,104.7541961670,34.6492919922
1698,105.2204895020,33.7459754944
1699,105.7725524902,32.8805618286
1700,106.4348220825,32.0676040649
1701,107.1975555420,31.3041725159
1702,108.0424880981,30.5832519531
1703,108.9513015747,29.8978214264
1704,109.9056701660,29.2408370972
1705,110.8872985840,28.6052532196
1706,111.8778457642,27.9840106964
1707,112.8590011597,27.3700408936
1708,113.8124389648,26.7562789917
1709,114.7198333740,26.1356525421
1710,115.5628738403,25.5010929108
1711,116.3231964111,24.8455295563
1712,116.9824829102,24.1619129181
1713,117.5223693848,23.4432029724
1714,117.9245147705,22.6824131012
1715,118.1706008911,21.8725757599
1716,118.2423782349,21.0067234039
1717,118.1239852905,20.0785884857
1718,117.8623580933,19.1031570435
1719,117.5727233887,18.1188354492
1720,117.3736648560,17.1650772095
1721,117.3480377197,16.2694110870
1722,117.4935226440,15.4307184219
1723,117.7953948975,14.6436719894
1724,118.2388153076,13.9029588699
1725,118.8088607788,13.2032051086
1726,119.4906387329,12.5389690399
1727,120.2692871094,11.9047708511
1728,121.1299362183,11.2951126099
1729,122.0577392578,10.7045011520
1730,123.0378799438,10.1274433136
1731,124.0555038452,9.5584535599
1732,125.0958023071,8.9920492172
1733,126.1439208984,8.4227571487
1734,127.1850280762,7.8451132774
1735,128.2042694092,7.2536654472
1736,129.1867980957,6.6429781914
1737,130.1177673340,6.0076398849
1738,130.9822845459,5.3422732353
1739,131.7655334473,4.6415443420
1740,132.4528503418,3.9001913071
1741,133.0371856689,3.1155564785
1742,133.5224609375,2.2895267010
1743,133.9134674072,1.4244111776
1744,134.2148742676,0.5225039124
1745,134.4314117432,-0.4138957560
1746,134.5677337646,-1.3824690580
1747,134.6284637451,-2.3808717728
1748,134.6182403564,-3.4067354202
1749,134.5416870117,-4.4576721191
1750,134.4034881592,-5.5312790871
1751,134.2082519531,-6.6251454353
1752,133.9606475830,-7.7368559837
1753,133.6653594971,-8.8639907837
1754,133.3269958496,-10.0041322708
1755,132.9502410889,-11.1548185349
1756,132.5365753174,-12.3028545380
1757,132.0790863037,-13.4101476669
1758,131.5696868896,-14.4350185394
1759,131.0005950928,-15.3357238770
1760,130.3645172119,-16.0706653595
1761,129.6546630859,-16.5991058350
1762,128.8633422852,-16.8822517395
1763,127.9798431396,-16.8909969330
1764,127.0164947510,-16.6796379089
1765,126.0072174072,-16.3507480621
1766,124.9851837158,-16.0094451904
1767,123.9819793701,-15.7616119385
1768,123.0279388428,-15.7146492004
1769,122.1502227783,-15.9490718842
1770,121.3389587402,-16.4231853485
1771,120.5660629272,-17.0651168823
1772,119.8028259277,-17.8051052094
1773,119.0213623047,-18.5741252899
1774,118.1945266724,-19.3032970428
1775,117.3014450073,-19.9392528534
1776,116.3521957397,-20.4888343811
1777,115.3667144775,-20.9735260010
1778,114.3650360107,-21.4148693085
1779,113.3672332764,-21.8344974518
1780,112.3933944702,-22.2541179657
1781,111.4635696411,-22.6955375671
1782,110.5978698730,-23.1806449890
1783,109.8164978027,-23.7314186096
1784,109.1398773193,-24.3698062897
1785,108.5887145996,-25.1175041199
1786,108.1837539673,-25.9956874847
1787,107.9263610840,-27.0030822754
1788,107.7034759521,-28.0191192627
1789,107.3620910645,-28.8819751740
1790,106.7813568115,-29.4690628052
1791,105.9733047485,-29.8112506866
1792,104.9922485352,-29.9738006592
1793,103.8950424194,-30.0229988098
1794,102.7384109497,-30.0262889862
1795,101.5786209106,-30.0515460968
1796,100.4709243774,-30.1656417847
1797,99.4417648315,-30.3990879059
1798,98.4821701050,-30.7393646240
1799,97.5809249878,-31.1714763641
1800,96.7267913818,-31.6804714203
1801,95.9084701538,-32.2514305115
1802,95.1146774292,-32.8694877625
1803,94.3341369629,-33.5197715759
1804,93.5562362671,-34.1880950928
1805,92.7763900757,-34.8663253784
1806,91.9933319092,-35.5496711731
1807,91.2058486938,-36.2333793640
1808,90.4127044678,-36.9126853943
1809,89.6127014160,-37.5828323364
1810,88.8046035767,-38.2390594482
1811,87.9871749878,-38.8766098022
1812,87.1592254639,-39.4907112122
1813,86.3194961548,-40.0765991211
1814,85.4667968750,-40.6295051575
1815,84.5998916626,-41.1446609497
1816,83.7175521851,-41.6172790527
1817,82.8185577393,-42.0425834656
1818,81.9017181396,-42.4157829285
1819,80.9658050537,-42.7320823669
1820,80.0096359253,-42.9866943359
1821,79.0320053101,-43.1748085022
1822,78.0317535400,-43.2916374207
1823,77.0128326416,-43.3448333740
1824,75.9952011108,-43.3869438171
1825,75.0019149780,-43.4804611206
1826,74.0560455322,-43.6876106262
1827,73.1739501953,-44.0555114746
1828,72.3499221802,-44.5709648132
1829,71.5738754272,-45.2053947449
1830,70.8358459473,-45.9300765991
1831,70.1258239746,-46.7161712646
1832,69.4337615967,-47.5347976685
1833,68.7495651245,-48.3570594788
1834,68.0630950928,-49.1540718079
1835,67.3641815186,-49.8969345093
1836,66.6426162720,-50.5567207336
1837,65.8881607056,-51.1044654846
1838,65.0914840698,-51.5130767822
1839,64.2519912720,-51.7789955139
1840,63.3740768433,-51.9141273499
1841,62.4620895386,-51.9306945801
1842,61.5202941895,-51.8409004211
1843,60.5529136658,-51.6569175720
1844,59.5641593933,-51.3908691406
1845,58.5582580566,-51.0548667908
1846,57.5394401550,-50.6609954834
1847,56.5119476318,-50.2213478088
1848,55.4800300598,-49.7479934692
1849,54.4479522705,-49.2530059814
1850,53.4199638367,-48.7484664917
1851,52.4003372192,-48.2464447021
1852,51.3933258057,-47.7590217590
1853,50.4028129578,-47.2969627380
1854,49.4295730591,-46.8607368469
1855,48.4729118347,-46.4459457397
1856,47.5321235657,-46.0481452942
1857,46.6065101624,-45.6628990173
1858,45.6953582764,-45.2857666016
1859,44.7979698181,-44.9123191833
1860,43.9136390686,-44.5381126404
1861,43.0416603088,-44.1587142944
1862,42.1813278198,-43.7696800232
1863,41.3319549561,-43.3668746948
1864,40.4931869507,-42.9489021301
1865,39.6648902893,-42.5159378052
1866,38.8469352722,-42.0681571960
1867,38.0391960144,-41.6057472229
1868,37.2415275574,-41.1288833618
1869,36.4538154602,-40.6377487183
1870,35.6759223938,-40.1325302124
1871,34.9077110291,-39.6133995056
1872,34.1490554810,-39.0805397034
1873,33.3998298645,-38.5341339111
1874,32.6598930359,-37.9743576050
1875,31.9291191101,-37.4013862610
1876,31.2073841095,-36.8154029846
1877,30.4945621490,-36.2165679932
1878,29.7905273438,-35.6050567627
1879,29.0951633453,-34.9810485840
1880,28.4083385468,-34.3447113037
1881,27.7299404144,-33.6962165833
1882,27.0598373413,-33.0357398987
1883,26.3979167938,-32.3634529114
1884,25.7440490723,-31.6795291901
1885,25.0981197357,-30.9841480255
1886,24.4600067139,-30.2774791718
1887,23.8295917511,-29.5597000122
1888,23.2067508698,-28.8309860229
1889,22.5913658142,-28.0915126801
1890,21.9833183289,-27.3414535522
1891,21.3824882507,-26.5809898376
1892,20.7887573242,-25.8102931976
1893,20.2020053864,-25.0295429230
1894,19.6221122742,-24.2389163971
1895,19.0489616394,-23.4385871887
1896,18.4824352264,-22.6287384033
1897,17.9224109650,-21.8095417023
1898,17.3687744141,-20.9811801910
1899,16.8214035034,-20.1438293457
1900,16.2801818848,-19.2976684570
1901,15.7449903488,-18.4428730011
1902,15.2157106400,-17.5796260834
1903,14.6922245026,-16.7081012726
1904,14.1744117737,-15.8284797668
1905,13.6621561050,-14.9409399033
1906,13.1553382874,-14.0456619263
1907,12.6538400650,-13.1428222656
1908,12.1575422287,-12.2326021194
1909,11.6663265228,-11.3151788712
1910,11.1800756454,-10.3907318115
1911,10.6986694336,-9.4594402313
1912,10.2219905853,-8.5214834213
1913,9.7499179840,-7.5770401955
1914,9.2823371887,-6.6262898445
1915,8.8191261292,-5.6694102287
1916,8.3601675034,-4.7065815926
1917,7.9053425789,-3.7379827499
1918,7.4545321465,-2.7637920380
1919,7.0076179504,-1.7841885090
1920,6.5644807816,-0.7993512154
1921,6.1250009537,0.1905413419
1922,5.6890611649,1.1853104830
1923,5.2565417290,2.1847777367
1924,4.8273229599,3.1887643337
1925,4.4012870789,4.1970925331
1926,3.9783141613,5.2095837593
